datetime,timestamp,open,high,low,close,volume,close_lag_1,close_lag_2,return_1,return_3,ma_5,ma_10,volatility_5,volatility_10,roll_max_5,roll_min_5,rsi_14,macd,macd_signal,bb_middle,bb_upper,bb_lower,ema_10,ema_30,roc_10,golden_cross,slope_ma_5,volume_ma,volume_spike,tr,atr_14,hl_spread,co_spread,body_size,upper_wick,lower_wick,hour,minute,dayofweek,date,Upward,Downward,trend_target,combined_target
2024-09-01,1725148800,135.35,136.15,127.66,128.5,2928444.7410000004,,,,,,,,,,,,0.0,0.0,,,,128.5,128.5,,0,,,0,8.490000000000009,,8.490000000000009,-6.849999999999994,6.849999999999994,0.8000000000000114,0.8400000000000034,0,0,6,2024-09-01,0,0,0,1
2024-09-02,1725235200,128.5,135.39,126.8,134.94,3146315.554,128.5,,0.05011673151750973,,,,,,,,,0.5137321937321815,0.1027464387464363,,,,129.67090909090908,128.91548387096776,,0,,,0,8.58999999999999,,8.58999999999999,6.439999999999998,6.439999999999998,0.44999999999998863,1.7000000000000028,0,0,0,2024-09-02,0,0,0,1
2024-09-03,1725321600,134.95,138.13,127.15,127.54,2627381.925,134.94,128.5,-0.05483918778716457,,,,,,,,,0.32006103846558176,0.1462093586902654,,,,129.28347107438015,128.8267429760666,,0,,,0,10.97999999999999,,10.97999999999999,-7.409999999999982,7.409999999999982,3.180000000000007,0.39000000000000057,0,0,1,2024-09-03,0,0,0,1
2024-09-04,1725408000,127.54,134.98,122.6,133.64,3814059.109,127.54,134.94,0.04782813235063488,0.039999999999999813,,,,,,,,0.6512866457243263,0.24722481609707758,,,,130.07556724267465,129.1372756872881,,0,,,0,12.379999999999995,,12.379999999999995,6.09999999999998,6.09999999999998,1.3400000000000034,4.940000000000012,0,0,2,2024-09-04,0,-1,-1,0
2024-09-05,1725494400,133.64,135.58,127.85,129.41,2762037.052,133.64,127.54,-0.03165219994013757,-0.040981176819327114,130.80599999999998,,,,134.94,127.54,,0.565935920405991,0.3109670369588603,,,,129.9545550167338,129.15487080423728,,0,,,0,7.730000000000018,,7.730000000000018,-4.22999999999999,4.22999999999999,1.9400000000000261,1.5600000000000023,0,0,3,2024-09-05,0,0,0,1
2024-09-06,1725580800,129.4,134.29,120.0,125.05,5494252.370000001,129.41,133.64,-0.03369136851866161,-0.019523286811980678,130.116,,0.04961002630903635,,134.94,125.05,,0.14481001401236426,0.2777356323695611,,,,129.06281774096402,128.89004042977035,,0,-0.6899999999999693,,0,14.289999999999992,,14.289999999999992,-4.3500000000000085,4.3500000000000085,4.889999999999986,5.049999999999997,0,0,4,2024-09-06,1,0,1,2
2024-09-07,1725667200,125.05,129.5,124.13,127.71,2111596.965,125.05,129.41,0.021271491403438647,-0.044372942232864365,128.67000000000002,,0.04290226071113915,,133.64,125.05,,0.02541154018243219,0.22727081393213533,,,,128.81685087897057,128.81390878914002,,0,-1.445999999999998,,0,5.3700000000000045,,5.3700000000000045,2.6599999999999966,2.6599999999999966,1.7900000000000063,0.9200000000000017,0,0,5,2024-09-07,0,0,0,1
2024-09-08,1725753600,127.72,131.7,126.61,130.15,1971919.866,127.71,125.05,0.019105786547647163,0.005718259794451841,129.192,,0.035838090704937195,,133.64,125.05,,0.12622001179508402,0.20706065350472508,,,,129.05924162824863,128.90010822209874,,0,0.5219999999999914,,0,5.089999999999989,,5.089999999999989,2.430000000000007,2.430000000000007,1.549999999999983,1.1099999999999994,0,0,6,2024-09-08,0,0,0,1
2024-09-09,1725840000,130.15,137.09,126.96,135.08,3664956.8779999996,130.15,127.71,0.037879369957741105,0.08020791683326678,129.48,,0.03299990395463449,,135.08,125.05,,0.5970389566563483,0.2850563141350497,,,,130.15392496856705,129.2988109174472,,0,0.2879999999999825,,0,10.13000000000001,,10.13000000000001,4.930000000000007,4.930000000000007,2.009999999999991,3.190000000000012,0,0,0,2024-09-09,0,0,0,1
2024-09-10,1725926400,135.07,138.0,132.5,135.63,2305171.2199999997,135.08,130.15,0.004071661237784907,0.0620155038759691,130.724,130.76500000000001,0.027069034124310904,,135.63,125.05,,1.0029849794774748,0.4286420472035347,,,,131.14957497428213,129.70727472922482,,0,1.2439999999999998,3082613.568,0,5.5,,5.5,0.5600000000000023,0.5600000000000023,2.3700000000000045,2.569999999999993,0,0,1,2024-09-10,0,0,0,1
2024-09-11,1726012800,135.64,135.91,128.2,132.42,3139383.4179999996,135.63,135.08,-0.023667330236673334,0.01744141375336139,132.198,131.15699999999998,0.023134676088929915,0.03747582113851729,135.63,127.71,,1.0535354534316355,0.5536207284491549,,,,131.38056134259446,129.88228926282324,0.030505836575875467,1,1.474000000000018,3103707.4357000003,0,7.710000000000008,,7.710000000000008,-3.219999999999999,3.219999999999999,0.27000000000001023,4.219999999999999,0,0,2,2024-09-11,1,0,1,2
2024-09-12,1726099200,132.43,136.78,132.38,136.05,2273359.309,132.42,135.63,0.027412777526053755,0.007180929819366355,133.866,131.26799999999997,0.02391752680979872,0.03495004496458054,136.05,130.15,,1.3707070731571775,0.7170379973907595,,,,132.22955018939547,130.28020608457658,0.008225878168074852,1,1.6680000000000064,3016411.8112,0,4.400000000000006,,4.400000000000006,3.6200000000000045,3.6200000000000045,0.7299999999999898,0.05000000000001137,0,0,3,2024-09-12,0,0,0,1
2024-09-13,1726185600,136.06,139.8,131.7,139.02,2714532.0250000004,136.05,132.42,0.021830209481808138,0.024994470249944722,135.64000000000001,132.416,0.024122682864495964,0.029182538812241098,139.02,132.42,,1.840505839914698,0.9417315658955472,,,,133.4641774276872,130.84406375653938,0.09001097694840832,1,1.774000000000001,3025126.8212,0,8.100000000000023,,8.100000000000023,2.960000000000008,2.960000000000008,0.7800000000000011,4.360000000000014,0,0,4,2024-09-13,0,-1,-1,0
2024-09-14,1726272000,139.02,139.8,135.6,137.14,1396833.298,139.02,136.05,-0.013523234067040923,0.03564416251321556,136.052,132.766,0.02199784084017256,0.026442024013896597,139.02,132.42,58.50393700787401,2.0376358612784315,1.160912424972124,,,,134.1325088044713,131.25025319160136,0.026189763543849054,1,0.4119999999999777,2783404.2401,0,4.200000000000017,8.068571428571433,4.200000000000017,-1.8800000000000239,1.8800000000000239,0.7800000000000011,1.539999999999992,0,0,5,2024-09-14,0,0,0,1
2024-09-15,1726358400,137.15,137.95,130.43,131.37,1850456.74,137.14,139.02,-0.042073793204024934,-0.0343991179713341,135.2,132.96200000000002,0.029837000247650344,0.028108183386799948,139.02,131.37,52.53668021919745,1.708576637432003,1.2704452674641,,,,133.63023447638562,131.2579787921432,0.015145661077196504,1,-0.8520000000000039,2692246.2089,0,7.519999999999982,7.999285714285716,7.519999999999982,-5.780000000000001,5.780000000000001,0.799999999999983,0.9399999999999977,0,0,6,2024-09-15,1,0,1,2
2024-09-16,1726444800,131.38,132.4,128.91,131.47,2136388.3049999997,131.37,137.14,0.0007612087995736427,-0.05430873255646673,135.01,133.60399999999998,0.028175449588249735,0.025230343292047475,139.02,131.37,46.54588891100935,1.4392729533650481,1.3042108046442897,,,,133.23746457158822,131.2716575797469,0.051339464214314345,1,-0.18999999999999773,2356459.8023999995,0,3.490000000000009,7.635000000000003,3.490000000000009,0.09000000000000341,0.09000000000000341,0.9300000000000068,2.469999999999999,0,0,0,2024-09-16,0,0,0,1
2024-09-17,1726531200,131.47,135.55,130.12,131.54,2339845.911,131.47,131.37,0.00053244086103299,-0.040834184045500876,134.108,133.98700000000002,0.023556323899705654,0.02461716864108177,139.02,131.37,54.66200466200465,1.2174621131033234,1.2868610663360966,,,,132.92883464948127,131.28896999395678,0.029989820687495117,1,-0.9019999999999868,2379284.6969999997,0,5.430000000000007,7.238571428571433,5.430000000000007,0.06999999999999318,0.06999999999999318,4.010000000000019,1.3499999999999943,0,0,1,2024-09-17,0,0,0,1
2024-09-18,1726617600,131.54,134.45,127.07,134.34,3309787.2579999994,131.54,131.47,0.02128630074502058,0.022607901347339476,133.172,134.406,0.023393514019776317,0.024782489722831876,137.14,131.37,50.883838383838395,1.2531663024925308,1.2801221135673835,,,,133.1854101677574,131.48581063950797,0.03219362274298887,0,-0.936000000000007,2513071.4361999994,0,7.3799999999999955,6.881428571428576,7.3799999999999955,2.8000000000000114,2.8000000000000114,0.10999999999998522,4.469999999999999,0,0,2,2024-09-18,0,0,0,1
2024-09-19,1726704000,134.34,144.04,134.27,142.89,4130435.3499999996,134.34,131.54,0.06364448414470725,0.086863923328516,134.322,135.18699999999998,0.03835667524003275,0.029625640059451706,142.89,131.37,65.34608378870672,1.9489098548345964,1.413879661820826,,,,134.94988104634695,132.2215647917978,0.057817589576546924,0,1.1500000000000057,2559619.2834,1,9.769999999999982,7.0271428571428585,9.769999999999982,8.549999999999983,8.549999999999983,1.1500000000000057,0.06999999999999318,0,0,3,2024-09-19,0,0,0,1
2024-09-20,1726790400,142.88,152.5,141.18,146.66,4488100.615,142.89,134.34,0.02638393169570996,0.11494602402311083,137.38,136.29,0.025809750655341655,0.030294633611871624,146.66,131.47,74.9365335795061,2.772539021429253,1.6856115337425115,133.5275,144.07525381426373,122.97974618573626,137.07899358337477,133.15307674071406,0.08132419081324183,1,3.0579999999999927,2777912.2229000004,1,11.319999999999993,6.815000000000002,11.319999999999993,3.780000000000001,3.780000000000001,5.840000000000003,1.6999999999999886,0,0,4,2024-09-20,0,0,0,1
2024-09-21,1726876800,146.67,150.25,144.61,149.41,1916733.216,146.66,142.89,0.01875085231146878,0.1121780556796188,140.968,137.989,0.023133032325590615,0.02822679400768626,149.41,131.54,74.98848456932288,3.605609861109656,2.0696111992159403,134.573,147.00029102038184,122.14570897961819,139.3209947500339,134.20191049937768,0.12830388158888395,1,3.587999999999994,2655647.2027,0,5.639999999999986,6.8342857142857145,5.639999999999986,2.740000000000009,2.740000000000009,0.8400000000000034,2.059999999999974,0,0,5,2024-09-21,0,0,0,1
2024-09-22,1726963200,149.42,149.92,141.12,144.63,2165962.8880000003,149.41,146.66,-0.03199250384847063,0.01217719924417393,143.586,138.847,0.03410017727402314,0.030867317924776812,149.41,134.34,65.8216783216783,3.835900577541736,2.4228690748810995,135.0575,148.27544772668068,121.83955227331934,140.28626843184588,134.87469046715978,0.0630650496141123,1,2.6180000000000234,2644907.5606,0,8.799999999999983,7.099285714285714,8.799999999999983,-4.789999999999992,4.789999999999992,0.5,3.509999999999991,0,0,6,2024-09-22,1,0,1,2
2024-09-23,1727049600,144.64,149.07,142.13,144.79,3226373.773,144.63,149.41,0.001106271174721618,-0.012750579571798704,145.676,139.42399999999998,0.03503428970088827,0.030420638305384797,149.41,142.89,61.84435228104413,3.9853773430934893,2.7353707285235775,135.92000000000002,149.3224569624968,122.51754303750324,141.1051287169648,135.5143878563753,0.0415048194504386,1,2.089999999999975,2696091.7354,0,6.939999999999998,6.871428571428571,6.939999999999998,0.15000000000000568,0.15000000000000568,4.280000000000001,2.509999999999991,0,0,0,2024-09-23,0,0,0,1
2024-09-24,1727136000,144.79,154.0,143.09,152.73,4015502.931,144.79,144.63,0.05483804130119485,0.022220734890569638,147.644,140.983,0.03211335302454366,0.033453430447677825,152.73,144.63,67.67259198015708,4.69046167686659,3.1263889181921805,136.8745,152.17760663334667,121.57139336665337,143.21874167751665,136.6250725108027,0.11367945165524285,1,1.9680000000000177,2957958.6987,0,10.909999999999997,7.257857142857142,10.909999999999997,7.939999999999998,7.939999999999998,1.2700000000000102,1.6999999999999886,0,0,1,2024-09-24,0,0,0,1
2024-09-25,1727222400,152.74,153.93,147.28,147.98,2728253.346,152.73,144.79,-0.031100635107706442,0.02316255272073553,147.908,142.64399999999998,0.03648245289858398,0.03163801945260903,152.73,144.63,65.5849358974359,4.810508244046474,3.4632127833630393,137.803,153.4487508608567,122.15724913914327,144.08442500887725,137.3576484778477,0.12643678160919536,1,0.2639999999999816,3045738.3592999997,0,6.650000000000006,7.182142857142856,6.650000000000006,-4.760000000000019,4.760000000000019,1.1899999999999977,0.6999999999999886,0,0,2,2024-09-25,1,0,1,2
2024-09-26,1727308800,147.97,158.05,146.57,155.55,4251220.763,147.98,152.73,0.05115556156237355,0.0743145244837351,149.136,145.05199999999996,0.04251110839682089,0.033531297108175664,155.55,144.63,68.10248793167472,5.453615859426179,3.8612933985756674,139.328,155.67009752690717,122.98590247309282,146.1690750072632,138.53134857605107,0.18315965619532992,1,1.2280000000000086,3257221.6051000003,0,11.480000000000018,7.687857142857142,11.480000000000018,7.5800000000000125,7.5800000000000125,2.5,1.4000000000000057,0,0,3,2024-09-26,0,0,0,1
2024-09-27,1727395200,155.54,161.43,153.89,157.64,3725660.9979999997,155.55,147.98,0.013436194149790914,0.032148235448176576,151.738,147.66199999999998,0.03596306288299188,0.0330523436667506,157.64,144.79,67.57266893167231,6.062049280485212,4.301444574957577,140.8245,158.1396342077264,123.5093657922736,148.25469773321532,139.764164796951,0.19841873194465554,1,2.602000000000004,3395803.1137999995,0,7.5400000000000205,7.647857142857142,7.5400000000000205,2.0999999999999943,2.0999999999999943,3.7900000000000205,1.6500000000000057,0,0,4,2024-09-27,0,0,0,1
2024-09-28,1727481600,157.63,159.43,155.0,156.75,1580834.341,157.64,155.55,-0.005645775183963364,0.05926476550885251,154.13,149.903,0.036866140831802174,0.033908946582818275,157.64,147.98,68.85939603769958,6.398661798061511,4.720888019578364,142.15449999999998,160.0924896485525,124.21651035144748,149.79929814535797,140.86002513263162,0.16681554265297005,1,2.391999999999996,3222907.8221,0,4.430000000000007,7.664285714285713,4.430000000000007,-0.8799999999999955,0.8799999999999955,1.8000000000000114,1.75,0,0,5,2024-09-28,0,0,0,1
2024-09-29,1727568000,156.75,161.78,155.09,158.46,2350658.476,156.75,157.64,0.01090909090909098,0.018707810993249696,155.276,151.45999999999998,0.030063158811663722,0.029499995878471384,158.46,147.98,78.25996244523265,6.725880587637704,5.121886533190232,143.3235,162.33543007727397,124.31156992272601,151.37397120983832,141.99550738213927,0.10896493806424545,1,1.146000000000015,3044930.1347,0,6.689999999999998,7.6049999999999995,6.689999999999998,1.710000000000008,1.710000000000008,3.319999999999993,1.6599999999999966,0,0,6,2024-09-29,0,-1,-1,0
2024-09-30,1727654400,158.47,159.77,151.73,152.49,3240682.2060000002,158.46,156.75,-0.0376751230594472,-0.032669373255518774,156.17800000000003,152.043,0.03225139886852845,0.03253516641613571,158.46,152.49,69.53531598513013,6.429361057104671,5.383381437973121,144.16649999999998,163.23714901056613,125.09585098943384,151.57688553532225,142.67257142200125,0.03975180690031377,1,0.9020000000000152,2920188.2938,0,8.04000000000002,7.930000000000001,8.04000000000002,-5.97999999999999,5.97999999999999,1.3000000000000114,0.7600000000000193,0,0,0,2024-09-30,0,0,0,1
2024-10-01,1727740800,152.51,157.34,142.29,145.13,4991241.419,152.49,158.46,-0.04826546003016596,-0.0741307814992026,154.094,151.61499999999998,0.028178500222584592,0.03596680001947188,158.46,145.13,61.122933376984776,5.53665360660608,5.4140358716997135,144.802,163.05401773993614,126.54998226006384,150.4047245289,142.831115201227,-0.02864600763001135,1,-2.0840000000000316,3227639.1141,1,15.050000000000011,8.617142857142857,15.050000000000011,-7.3799999999999955,7.3799999999999955,4.8300000000000125,2.8400000000000034,0,0,1,2024-10-01,0,0,0,1
2024-10-02,1727827200,145.12,148.96,138.61,140.18,3817606.119,145.13,152.49,-0.03410735202921511,-0.11536034330430389,150.602,151.17000000000002,0.024637685889365546,0.03616630232518123,158.46,140.18,54.61733080328906,4.379271374943556,5.207082972348482,145.0085,162.93413148707802,127.08286851292198,148.54568370546363,142.66007551082524,-0.030768167046947292,0,-3.4919999999999902,3392803.4372,0,10.349999999999994,8.829285714285716,10.349999999999994,-4.939999999999998,4.939999999999998,3.8400000000000034,1.5699999999999932,0,0,2,2024-10-02,0,0,0,1
2024-10-03,1727913600,140.18,142.96,133.11,136.82,3742347.8449999997,140.18,145.13,-0.02396918247966906,-0.1027608367761822,146.61599999999999,150.373,0.02270606533114989,0.036750365653217536,158.46,136.82,44.77174849267873,3.1545500096815715,4.7965763798151,144.8985,163.00494930172084,126.7920506982792,146.41374121356114,142.2832964456107,-0.0550452379307963,0,-3.9860000000000184,3444400.8444,0,9.849999999999994,8.835000000000003,9.849999999999994,-3.3600000000000136,3.3600000000000136,2.780000000000001,3.7099999999999795,0,0,3,2024-10-03,0,0,0,1
2024-10-04,1728000000,136.81,144.55,135.95,143.24,3120151.9529999997,136.82,140.18,0.04692296447887756,-0.013022807138427517,143.57199999999997,149.424,0.0380890810539559,0.03537697050438701,152.49,136.82,47.18286655683691,2.671197942770533,4.371500692406187,145.2035,162.96183358113717,127.44516641886283,145.83669735655002,142.34501925557132,-0.06213579519413337,0,-3.044000000000011,3354865.7465999997,0,8.600000000000023,8.64071428571429,8.600000000000023,6.430000000000007,6.430000000000007,1.3100000000000023,0.8600000000000136,0,0,4,2024-10-04,0,0,0,1
2024-10-05,1728086400,143.24,144.93,141.06,142.59,1475217.816,143.24,136.82,-0.004537838592571952,0.017192181480953028,141.59199999999998,148.88500000000002,0.03698529494311687,0.034248256797329374,145.13,136.82,44.18088737201366,2.2102104494040873,3.939242643805767,145.7645,162.35316255197068,129.1758374480293,145.2463887462682,142.3608244648893,-0.03642384105960261,0,-1.9799999999999898,3229562.1936,0,3.8700000000000045,8.51428571428572,3.8700000000000045,-0.6500000000000057,0.6500000000000057,1.6899999999999977,1.5300000000000011,0,0,5,2024-10-05,0,0,0,1
2024-10-06,1728172800,142.59,146.75,142.0,146.48,1409071.4,142.59,143.24,0.027281015498983097,0.0706037129074697,141.862,147.978,0.03419641704518383,0.030686802929764584,146.48,136.82,51.602841795182805,2.1341637187106812,3.57822685878675,146.51500000000001,161.67753624111594,131.35246375888408,145.47068170149214,142.62657772521902,-0.05830922532947613,0,0.27000000000001023,2945347.2572999997,0,4.75,8.225000000000007,4.75,3.8899999999999864,3.8899999999999864,0.27000000000001023,0.5900000000000034,0,0,6,2024-10-06,0,-1,-1,0
2024-10-07,1728259200,146.47,152.4,143.5,143.96,3607754.951,146.48,142.59,-0.017203713817585897,0.005026528902541072,142.618,146.60999999999999,0.03030976268451189,0.030102867646607478,146.48,136.82,49.30913933743967,1.8492363517148647,3.2324287573723733,147.13600000000002,160.64312466967345,133.6288753303266,145.19601230122083,142.71260496875328,-0.08678000507485395,0,0.7560000000000002,2933556.6525999997,0,8.900000000000006,8.365000000000007,8.900000000000006,-2.509999999999991,2.509999999999991,5.930000000000007,0.46000000000000796,0,0,0,2024-10-07,0,0,0,1
2024-10-08,1728345600,143.97,145.6,141.17,143.49,2153828.153,143.96,146.48,-0.0032647957766046565,0.006311803071744171,143.952,145.284,0.02640622865463675,0.030138481436592826,146.48,142.59,41.21673003802283,1.5674358635931753,2.899430178616534,147.5935,159.8364017458236,135.35059825417642,144.8858282464534,142.76275948689823,-0.08459330143540666,0,1.3340000000000032,2990856.0338,0,4.430000000000007,7.902142857142865,4.430000000000007,-0.47999999999998977,0.47999999999998977,1.6299999999999955,2.3200000000000216,0,0,1,2024-10-08,0,0,0,1
2024-10-09,1728432000,143.5,145.34,138.66,139.33,2071518.061,143.49,143.96,-0.028991567356610237,-0.048812124522118916,143.17,143.371,0.021031077448176616,0.029940001172169495,146.48,139.33,41.68429148240725,0.9969376365623077,2.518931670205689,147.4155,160.0437881700276,134.78721182997242,143.87567765618914,142.5412911329048,-0.12072447305313638,0,-0.7820000000000107,2962941.9923,0,6.680000000000007,7.904285714285722,6.680000000000007,-4.1699999999999875,4.1699999999999875,1.8400000000000034,0.6700000000000159,0,0,2,2024-10-09,0,0,0,1
2024-10-10,1728518400,139.33,140.92,135.52,139.03,2289782.9069999997,139.33,143.49,-0.002153161558889005,-0.03424562378438456,142.45800000000003,142.025,0.021080892618667045,0.02868657362434011,146.48,139.03,31.537773804202033,0.514673354568771,2.1180800070783055,147.034,160.20761701519947,133.8603829848005,142.99464535506382,142.3147562211045,-0.08826808315299373,1,-0.7119999999999607,2867852.0623999997,0,5.399999999999977,7.470000000000005,5.399999999999977,-0.30000000000001137,0.30000000000001137,1.589999999999975,3.509999999999991,0,0,3,2024-10-10,1,0,1,2
2024-10-11,1728604800,139.04,146.62,138.68,145.53,2269088.9180000005,139.03,139.33,0.04675249946054816,0.014217018607568521,142.268,142.065,0.02886539707010656,0.029884008609360944,145.53,139.03,37.680569684638876,0.6494842634961344,1.8243608583618713,146.84,159.9805263052491,133.6994736947509,143.4556189268704,142.52219130361388,0.0027561496589265655,1,-0.19000000000002615,2595636.8123,0,7.939999999999998,7.498571428571432,7.939999999999998,6.490000000000009,6.490000000000009,1.0900000000000034,0.3599999999999852,0,0,4,2024-10-11,0,0,0,1
2024-10-12,1728691200,145.52,147.32,144.71,146.4,1347679.548,145.53,139.03,0.005978148835291686,0.05074284073781654,142.756,142.687,0.02743268000596763,0.027274900530940137,146.4,139.03,39.46672094443315,0.8171055253224324,1.6229097917539836,146.92849999999999,160.03014035531413,133.82685964468584,143.99096094016667,142.77237250983234,0.04437152232843489,1,0.48799999999999955,2348644.1552,0,2.609999999999985,7.36857142857143,2.609999999999985,0.8799999999999955,0.8799999999999955,0.9199999999999875,0.8100000000000023,0,0,5,2024-10-12,0,0,0,1
2024-10-13,1728777600,146.39,148.86,144.45,147.74,1599054.833,146.4,145.53,0.009153005464480835,0.06264834927713459,143.606,143.77900000000002,0.02720975358537221,0.025352428754928186,147.74,139.03,39.00738310090238,1.046015567775271,1.5075309469582412,147.076,160.14264600786032,134.00935399213967,144.6726044055909,143.09286460597218,0.07981289285192239,0,0.8499999999999943,2134314.854,0,4.410000000000025,7.205714285714289,4.410000000000025,1.3500000000000227,1.3500000000000227,1.1200000000000045,1.9399999999999977,0,0,6,2024-10-13,0,0,0,1
2024-10-14,1728864000,147.74,158.1,146.8,157.59,3987055.145,147.74,146.4,0.06667117909841602,0.08286951144094012,147.258,145.214,0.029830846886784276,0.029199072031498814,157.59,139.03,54.844224924012146,1.9991956230556696,1.605863882177727,147.31900000000002,160.99492875706864,133.6430712429314,147.02122178639254,144.02816366365138,0.10018151354370275,1,3.6520000000000152,2221005.1732,1,11.299999999999983,7.4385714285714295,11.299999999999983,9.849999999999994,9.849999999999994,0.5099999999999909,0.9399999999999977,0,0,0,2024-10-14,0,-1,-1,0
2024-10-15,1728950400,157.59,159.73,150.3,154.76,4480025.1110000005,157.59,147.74,-0.01795799225839212,0.05710382513661183,150.404,146.43099999999998,0.034009246376934775,0.030230074634382077,157.59,145.53,60.008314279775504,2.4974512718017934,1.7841813601025405,147.658,161.7332153951919,133.58278460480807,148.4282723706848,144.72054020148033,0.08534960375902934,1,3.1459999999999866,2521485.9027000004,1,9.429999999999978,7.037142857142856,9.429999999999978,-2.8300000000000125,2.8300000000000125,2.1399999999999864,4.4599999999999795,0,0,1,2024-10-15,0,0,0,1
2024-10-16,1729036800,154.76,158.41,153.0,154.28,2851816.35,154.76,157.59,-0.0031015766347892715,0.04426695546229853,152.154,147.21099999999998,0.032244125319717445,0.029668466294577173,157.59,146.4,66.15490375802014,2.821070925129362,1.9915592731079048,147.5945,161.53057280632365,133.65842719367637,149.4922228487421,145.33727954332034,0.05324959038776633,1,1.75,2665760.3977,0,5.409999999999997,6.684285714285713,5.409999999999997,-0.47999999999998977,0.47999999999998977,3.6500000000000057,1.2800000000000011,0,0,2,2024-10-16,0,0,0,1
2024-10-17,1729123200,154.28,155.73,147.66,150.5,2664809.948,154.28,154.76,-0.024500907441016295,-0.04499016435052983,152.974,147.865,0.036325091029695666,0.03037272024413137,157.59,147.74,65.52428506581934,2.740931668618174,2.1414337522099585,147.2375,160.43636737564992,134.0386326243501,149.67545505806171,145.67035828246097,0.045429285912753414,1,0.8199999999999932,2571465.8974,0,8.069999999999993,6.557142857142856,8.069999999999993,-3.780000000000001,3.780000000000001,1.4499999999999886,2.8400000000000034,0,0,3,2024-10-17,1,0,1,2
2024-10-18,1729209600,150.5,156.65,149.56,154.94,1829394.118,150.5,154.28,0.029501661129568202,0.0011630912380460323,154.41400000000002,149.01000000000002,0.03786646136424923,0.031156332874483713,157.59,150.5,63.90209125475285,3.001096847492647,2.3133663712664965,147.147,160.09365183297234,134.20034816702764,150.63264504750504,146.26839968359252,0.07979650149836215,1,1.4400000000000261,2539022.4939,0,7.090000000000003,6.449285714285712,7.090000000000003,4.439999999999998,4.439999999999998,1.710000000000008,0.9399999999999977,0,0,4,2024-10-18,0,0,0,1
2024-10-19,1729296000,154.93,159.85,153.45,159.79,1724504.166,154.94,150.5,0.031302439654059544,0.03571428571428559,154.85399999999998,151.05599999999998,0.02615397125407562,0.02892759100337539,159.79,150.5,68.58254105445116,3.5576240178644696,2.562217900586091,147.2135,160.41595635039957,134.01104364960045,152.29761867523138,147.1407609943285,0.14684561831622744,1,0.4399999999999693,2504321.1044,0,6.400000000000006,6.629999999999997,6.400000000000006,4.859999999999985,4.859999999999985,0.060000000000002274,1.4800000000000182,0,0,5,2024-10-19,0,0,0,1
2024-10-20,1729382400,159.79,167.94,157.58,167.4,3094698.825,159.79,154.94,0.04762500782276757,0.1122923588039868,157.382,153.893,0.029247468712144654,0.03006807025043105,167.4,150.5,70.92000000000002,4.560172381912338,2.9618087968513405,147.959,163.8300990565604,132.0879009434396,155.04350618882566,148.44780867211378,0.20405667841473063,1,2.52800000000002,2584812.6962000006,0,10.359999999999985,7.030714285714282,10.359999999999985,7.610000000000014,7.610000000000014,0.539999999999992,2.2099999999999795,0,0,6,2024-10-20,0,0,0,1
2024-10-21,1729468800,167.4,171.76,160.99,166.17,4807758.742,167.4,159.79,-0.007347670250896221,0.07247966954950291,159.76,155.957,0.02999874700857909,0.029408081359754784,167.4,150.5,72.7981933894477,5.195557312355419,3.4085584999521563,149.011,166.76955126855478,131.2524487314452,157.06650506358463,149.59117585455806,0.14182642754071306,1,2.377999999999986,2838679.6786,1,10.769999999999982,7.164285714285709,10.769999999999982,-1.2300000000000182,1.2300000000000182,4.359999999999985,5.179999999999978,0,0,0,2024-10-21,0,0,0,1
2024-10-22,1729555200,166.16,170.99,162.99,167.59,4115685.5020000003,166.17,167.4,0.008545465487151738,0.04881406846486014,163.178,158.076,0.02145771269905902,0.029344002552423955,167.59,154.94,74.26500201369308,5.747433741479114,3.8763335482575485,150.38150000000002,169.45264908358732,131.31035091641272,158.9798677792965,150.75239031555432,0.14474043715846996,1,3.4180000000000064,3115480.274,0,8.0,7.419285714285708,8.0,1.4300000000000068,1.4300000000000068,3.4000000000000057,3.1699999999999875,0,0,1,2024-10-22,0,0,0,1
2024-10-23,1729641600,167.6,174.3,164.13,170.85,4509792.291999999,167.59,166.17,0.019452234620203956,0.020609318996415604,166.35999999999999,160.387,0.021037181193246532,0.029336147192016594,170.85,159.79,82.32157506152579,6.374374718809861,4.375941782368011,152.083,172.10803496284458,132.0579650371554,161.13807363760623,152.04901029519598,0.15642344659537022,1,3.181999999999988,3406554.0199,0,10.170000000000016,7.668571428571424,10.170000000000016,3.25,3.25,3.450000000000017,3.469999999999999,0,0,2,2024-10-23,0,0,0,1
2024-10-24,1729728000,170.86,179.3,170.5,177.19,3893052.12,170.85,167.59,0.03710857477319296,0.06631762652705064,169.84,162.347,0.021962748048339864,0.024671377479206308,177.19,166.17,84.81751824817515,7.29868033103412,4.9604894921012335,153.78050000000002,176.25524510130003,131.3057548987,164.056605703496,153.6710096309898,0.12437337394504722,1,3.480000000000018,3397153.7174000004,0,8.800000000000011,7.911428571428568,8.800000000000011,6.329999999999984,6.329999999999984,2.1100000000000136,0.36000000000001364,0,0,3,2024-10-24,0,0,0,1
2024-10-25,1729814400,177.19,177.6,159.12,164.9,5718307.066,177.19,170.85,-0.06936057339578983,-0.016051077033235828,169.34,163.361,0.04082406458777649,0.03486860923208802,177.19,164.9,65.98448588876052,6.959276690115445,5.360246931704076,154.89600000000002,177.24642201414807,132.54557798585196,164.20995012104214,154.39546062253885,0.06552080640992508,1,-0.5,3520981.9129,1,18.47999999999999,8.664285714285711,18.47999999999999,-12.289999999999992,12.289999999999992,0.4099999999999966,5.780000000000001,0,0,4,2024-10-25,1,0,1,2
2024-10-26,1729900800,164.91,173.25,162.43,170.88,3010702.796,164.9,177.19,0.03626440266828368,0.00017559262510968843,170.28199999999998,165.02100000000002,0.04401570010493886,0.03582035269604307,177.19,164.9,68.63013698630135,7.091091197200626,5.706415784803386,156.11599999999999,179.18437744391056,133.0476225560894,165.42268646267084,155.45897929205248,0.10759657765102415,1,0.9419999999999789,3536870.5574999996,0,10.819999999999993,9.250714285714283,10.819999999999993,5.969999999999999,5.969999999999999,2.3700000000000045,2.4799999999999898,0,0,5,2024-10-26,0,0,0,1
2024-10-27,1729987200,170.87,178.27,170.26,176.63,2606131.7709999997,170.88,164.9,0.033649344569288475,-0.003160449235284135,172.09,167.634,0.04572009615541704,0.034122008521735345,177.19,164.9,70.60333761232347,7.5722439740087,6.0795814226444485,157.74949999999998,181.79945719440295,133.69954280559702,167.46037983309432,156.82485159579105,0.17362126245847165,1,1.8080000000000211,3531002.7398,0,8.01000000000002,9.507857142857139,8.01000000000002,5.759999999999991,5.759999999999991,1.6400000000000148,0.6100000000000136,0,0,6,2024-10-27,0,0,0,1
2024-10-28,1730073600,176.63,179.8,172.45,178.29,3877330.221,176.63,170.88,0.009398176980127904,0.08120072771376585,173.578,169.969,0.045499228470016397,0.033873589285515676,178.29,164.9,66.71511627906975,7.99534379659039,6.462733897433637,159.4895,184.2214477812123,134.75755221878768,169.4294016816226,158.20969987993357,0.15070349812830774,1,1.4879999999999995,3735796.3501000004,0,7.350000000000023,9.225714285714286,7.350000000000023,1.6599999999999966,1.6599999999999966,1.5100000000000193,4.180000000000007,0,0,0,2024-10-28,0,0,0,1
2024-10-29,1730160000,178.28,183.38,176.41,179.42,4046109.939,178.29,176.63,0.0063379886701440125,0.04997659176029967,174.024,171.932,0.04281851745255221,0.03342808184431353,179.42,164.9,70.47492527399535,8.325859682697512,6.835359054486412,161.494,185.8418644043499,137.1461355956501,171.24587410314575,159.5781063392927,0.12284873896989801,1,0.44599999999999795,3967956.9273999995,0,6.969999999999999,9.05,6.969999999999999,1.1399999999999864,1.1399999999999864,3.960000000000008,1.8700000000000045,0,0,1,2024-10-29,0,-1,-1,0
2024-10-30,1730246400,179.43,181.36,173.01,174.87,2893112.751,179.42,178.29,-0.025359491695463032,-0.009964332219894678,176.01799999999997,172.679,0.024959957748883127,0.03278764424218143,179.42,170.88,66.01337688598538,8.126966320727917,7.093680507734714,163.286,185.88524861349845,140.68675138650156,171.90480608439196,160.56468012385446,0.044623655913978544,1,1.9939999999999714,3947798.3200000003,0,8.350000000000023,9.260000000000003,8.350000000000023,-4.560000000000002,4.560000000000002,1.9300000000000068,1.8600000000000136,0,0,2,2024-10-30,0,0,0,1
2024-10-31,1730332800,174.87,176.56,167.56,168.69,2661529.298,174.87,179.42,-0.03534053868588094,-0.053844859498569764,175.57999999999998,172.93099999999998,0.027960812046673514,0.03506257544472193,179.42,168.69,63.637726795621525,7.385531734333171,7.1520507530544055,164.444,185.53556518860643,143.35243481139355,171.3202958872298,161.08889430941224,0.015165192272973416,1,-0.4379999999999882,3733175.3756000004,0,9.0,9.326428571428576,9.0,-6.180000000000007,6.180000000000007,1.6899999999999977,1.1299999999999955,0,0,3,2024-10-31,0,0,0,1
2024-11-01,1730419200,168.69,174.0,163.43,166.1,3325662.4469999997,168.69,174.87,-0.015353607208488995,-0.07423921524913613,173.474,172.78199999999998,0.019548958378068422,0.03538513581679591,179.42,166.1,58.60579888957433,6.513860400441786,7.0244126825318824,165.429,184.73707837477065,146.12092162522936,170.3711511804607,161.4121914507405,-0.008890745271197598,1,-2.1059999999999945,3654173.0700999997,0,10.569999999999993,9.575000000000003,10.569999999999993,-2.5900000000000034,2.5900000000000034,5.310000000000002,2.6699999999999875,0,0,4,2024-11-01,0,0,0,1
2024-11-02,1730505600,166.11,168.61,162.11,166.17,1603273.6030000001,166.1,168.69,0.0004214328717639937,-0.049751243781094634,171.05,172.314,0.01737671414912821,0.034708866257129364,179.42,166.1,55.31135531135531,5.76227903741642,6.771985953508791,166.35049999999998,183.77083956403501,148.93016043596495,169.60730551128603,161.71914684101532,-0.027392449517120276,0,-2.423999999999978,3363521.2012,0,6.5,9.582142857142859,6.5,0.05999999999997385,0.05999999999997385,2.440000000000026,4.0,0,0,5,2024-11-02,0,0,0,1
2024-11-03,1730592000,166.16,166.61,157.82,162.53,2745309.829,166.17,166.1,-0.02190527772762829,-0.03651668741478453,167.672,170.848,0.013276835556657169,0.03220499225651031,174.87,162.53,45.65876270279907,4.8173958722265695,6.381067937252347,166.59750000000003,183.6306180506179,149.56438194938215,168.32052269105222,161.7714599480466,-0.08273604605226026,0,-3.3780000000000143,3248746.9721,0,8.79000000000002,9.470000000000004,8.79000000000002,-3.6299999999999955,3.6299999999999955,0.45000000000001705,4.710000000000008,0,0,6,2024-11-03,0,0,0,1
2024-11-04,1730678400,162.52,165.04,155.11,157.95,3019251.325,162.53,166.17,-0.028179413031440448,-0.049066827212522646,164.288,170.153,0.013642427816811454,0.02542359725648869,168.69,157.95,43.085464333781964,3.6568475704712853,5.836223863896135,166.757,183.37815215462925,150.13584784537076,166.4349731108609,161.52491414494685,-0.04214675560946035,0,-3.383999999999986,2978841.3979999996,0,9.929999999999978,9.410000000000005,9.929999999999978,-4.570000000000022,4.570000000000022,2.519999999999982,2.839999999999975,0,0,0,2024-11-04,1,0,1,2
2024-11-05,1730764800,157.95,169.3,156.86,166.62,3438156.8710000003,157.95,162.53,0.054890788224121634,0.0027080700487454035,163.87399999999997,169.727,0.03354967405356639,0.02911603566838723,166.62,157.95,49.272754535912426,3.3975365355294116,5.34848639822279,167.37399999999997,182.92681176135608,151.82118823864386,166.46861436343164,161.8536293614019,-0.02492977528089879,0,-0.4140000000000441,3021586.8055,0,12.439999999999998,9.727142857142862,12.439999999999998,8.670000000000016,8.670000000000016,2.680000000000007,1.089999999999975,0,0,1,2024-11-05,0,0,0,1
2024-11-06,1730851200,166.63,190.01,166.4,186.59,10385235.991999999,166.62,157.95,0.11985355899651906,0.14803420906909492,167.972,170.723,0.06229549857538083,0.04771306170792337,186.59,157.95,59.43645083932854,4.748702687235578,5.228529656025348,169.17849999999999,184.8620525983505,153.49494740164948,170.127048115535,163.44952424131145,0.056389061880767644,0,4.098000000000042,3799497.2276,1,23.609999999999985,10.68714285714286,23.609999999999985,19.960000000000008,19.960000000000008,3.4199999999999875,0.22999999999998977,0,0,2,2024-11-06,0,0,0,1
2024-11-07,1730937600,186.59,197.84,185.84,196.35,4210329.82,186.59,166.62,0.05230719759901392,0.24311490978157657,174.00799999999998,172.529,0.06149061753747607,0.049885019376942744,196.35,157.95,61.03432388850496,6.531767875184983,5.489177299857275,171.249,189.70630082336444,152.79169917663555,174.89485754907406,165.5721355805817,0.10129564193168439,1,6.035999999999973,3832797.1875,0,12.0,10.915714285714287,12.0,9.759999999999991,9.759999999999991,1.490000000000009,0.75,0,0,3,2024-11-07,0,0,0,1
2024-11-08,1731024000,196.36,205.0,195.64,199.85,5129244.188,196.35,186.59,0.017825311942959,0.19943584203577003,181.472,174.572,0.054392512805980606,0.049903950110773844,199.85,157.95,72.39523260284506,8.133522448362669,6.018046329558354,173.25199999999998,194.89338394251448,151.6106160574855,179.43215617651515,167.78361070441514,0.11386690446995873,1,7.464000000000027,3941110.6124,0,9.360000000000014,10.264285714285718,9.360000000000014,3.4899999999999807,3.4899999999999807,5.150000000000006,0.7200000000000273,0,0,4,2024-11-08,0,0,0,1
2024-11-09,1731110400,199.86,203.45,194.86,199.89,2833304.996,199.85,196.35,0.0002001501125843408,0.07127927541668888,189.86,177.07399999999998,0.04587796612430071,0.04841499728199893,199.89,166.62,70.12068248023304,9.298959536198566,6.674228970886396,174.87650000000002,199.35943607693576,150.39356392306428,183.15176414442146,169.85499065896903,0.1430777148739062,1,8.388000000000005,3935129.8369000005,0,8.589999999999975,10.105000000000002,8.589999999999975,0.029999999999972715,0.029999999999972715,3.5600000000000023,5.0,0,0,5,2024-11-09,0,0,0,1
2024-11-10,1731196800,199.89,215.27,198.68,210.07,7968628.2299999995,199.89,199.85,0.050928010405723256,0.06987522281639924,198.55,181.21200000000002,0.04578522765008443,0.04618758843935073,210.07,186.59,71.8504966021955,10.918159994916778,7.523015175692473,177.0715,205.77556556569903,148.36743443430095,188.04598884543572,172.44950739064848,0.24530203331554912,1,8.689999999999998,4465839.7301,1,16.590000000000003,10.717857142857143,16.590000000000003,10.180000000000007,10.180000000000007,5.200000000000017,1.2099999999999795,0,0,6,2024-11-10,0,0,0,1
2024-11-11,1731283200,210.07,224.0,204.16,222.13,8935306.968,210.07,199.89,0.057409434950254745,0.11148361270953222,205.658,186.815,0.025291939955702784,0.04517721123904755,222.13,196.35,75.2185918085596,13.024392149241095,8.623290570402197,179.7985,214.45554167834698,145.141458321653,194.2430817826292,175.65470046221955,0.3373269114990969,1,7.107999999999976,5026804.1822,1,19.840000000000003,11.61,19.840000000000003,12.060000000000002,12.060000000000002,1.8700000000000045,5.909999999999997,0,0,0,2024-11-11,0,0,0,1
2024-11-12,1731369600,222.12,225.21,204.71,211.64,9001990.659,222.13,210.07,-0.04722459820825642,0.058782330281654804,208.71599999999998,191.36200000000002,0.04238182260812203,0.05084431810252418,222.13,199.85,66.73244702949731,13.689338798364219,9.636500215994602,181.838,218.98887112387942,144.68712887612057,197.40615782215113,177.97633269046347,0.2736354335921045,1,3.0579999999999927,5766675.8878,1,20.5,12.57642857142857,20.5,-10.480000000000018,10.480000000000018,3.0900000000000034,6.929999999999978,0,0,1,2024-11-12,0,0,0,1
2024-11-13,1731456000,211.63,220.44,200.67,215.13,10834052.798999999,211.64,222.13,0.016490266490266636,0.024087209025562828,211.772,196.622,0.04237029478320746,0.04824049548380488,222.13,199.89,71.14051669817263,14.332709092710076,10.575741991337697,183.73499999999999,223.65774249623877,143.8122575037612,200.62867458176,180.37334348462713,0.3236325601427428,1,3.0560000000000116,6575550.1848,1,19.77000000000001,13.392142857142856,19.77000000000001,3.5,3.5,5.310000000000002,10.960000000000008,0,0,2,2024-11-13,0,0,0,1
2024-11-14,1731542400,215.14,222.8,206.78,209.57,7458523.708000001,215.13,211.64,-0.025844838004927317,-0.056543465538198334,213.708,201.784,0.04616212966881946,0.04793529568301246,222.13,209.57,71.60676532769556,14.229905658448729,11.306574724759903,185.9685,226.44874873805335,145.48825126194666,202.25437011234908,182.25699874368345,0.3268122823678379,1,1.936000000000007,7019477.423099999,0,16.02000000000001,13.893571428571429,16.02000000000001,-5.569999999999993,5.569999999999993,7.660000000000025,2.789999999999992,0,0,3,2024-11-14,0,0,0,1
2024-11-15,1731628800,209.57,220.5,204.48,218.45,5271091.924000001,209.57,215.13,0.04237247697666646,0.03217728217728211,215.38400000000001,206.967,0.044407268143876896,0.047363917117848,222.13,209.57,75.9440975319655,14.695573558575063,11.984374491522935,188.347,230.64377061207455,146.05022938792547,205.19903009192197,184.59203108280067,0.3110670987876605,1,1.6760000000000161,7202770.9284,0,16.02000000000001,14.282857142857143,16.02000000000001,8.879999999999995,8.879999999999995,2.0500000000000114,5.090000000000003,0,0,4,2024-11-15,0,0,0,1
2024-11-16,1731715200,218.44,221.99,213.35,215.71,4204469.300000001,218.45,209.57,-0.012542915999084414,0.0026960442523125128,214.1,209.879,0.03528346089049627,0.03614499386958431,218.45,209.57,73.91850135187332,14.67436665914613,12.522372925047575,190.301,233.90909480625703,146.69290519374294,207.11011552975432,186.5996419806845,0.15606409775443497,1,-1.2840000000000202,6584694.2592,0,8.640000000000015,14.435714285714287,8.640000000000015,-2.7299999999999898,2.7299999999999898,3.5500000000000114,2.3600000000000136,0,0,5,2024-11-16,1,0,1,2
2024-11-17,1731801600,215.72,242.33,212.1,237.47,8433424.204,215.71,218.45,0.10087617634787449,0.13312974185236448,219.266,213.99099999999999,0.05030759871321325,0.044078825894074095,237.47,209.57,80.7938856015779,16.22636277316454,13.263170894670969,193.26,241.24782740390822,145.27217259609176,212.63009452434446,189.88160056257584,0.20942195059842117,1,5.165999999999997,7007003.6976,0,30.230000000000018,15.967142857142859,30.230000000000018,21.75,21.75,4.860000000000014,3.6200000000000045,0,0,6,2024-11-17,0,0,0,1
2024-11-18,1731888000,237.47,248.44,234.01,239.79,7485850.3610000005,237.47,215.71,0.009769655114330256,0.09768825818265059,224.198,217.98499999999999,0.05065600534983717,0.04419743075236264,239.79,209.57,84.26561714955619,17.44246955453889,14.099030626644554,196.27849999999998,248.04664394362936,144.5103560563706,217.5682591562818,193.1014973004742,0.19984988741556164,1,4.932000000000016,7242664.314900001,0,14.430000000000007,16.288571428571434,14.430000000000007,2.319999999999993,2.319999999999993,8.650000000000006,3.460000000000008,0,0,0,2024-11-18,0,-1,-1,0
2024-11-19,1731974400,239.79,247.5,233.4,237.63,5595613.402,239.79,237.47,-0.009007881896659575,0.10161791293866762,229.81,221.75900000000001,0.0470335022433514,0.044730956728148925,239.79,215.71,81.44539899034629,18.02417749374061,14.884060000063766,199.41649999999998,253.2865195011338,145.54648049886617,221.2158484005942,195.9743039262501,0.18880384211316237,1,5.611999999999995,7518895.1555,0,14.099999999999994,16.407142857142862,14.099999999999994,-2.1599999999999966,2.1599999999999966,7.710000000000008,4.22999999999999,0,0,1,2024-11-19,0,0,0,1
2024-11-20,1732060800,237.64,242.54,230.37,235.48,5472203.476,237.63,239.79,-0.00904767916508864,-0.008380005895481601,233.21599999999998,224.3,0.04824484558630925,0.043886260699162224,239.79,215.71,75.70722473446209,18.103017873528387,15.52785157475669,202.756,256.88608362901454,148.62591637098546,223.80933050957708,198.52305851165332,0.12095968010663105,1,3.4059999999999775,7269252.6800999995,0,12.169999999999987,15.590000000000003,12.169999999999987,-2.1599999999999966,2.1599999999999966,4.900000000000006,5.109999999999985,0,0,2,2024-11-20,1,0,1,2
2024-11-21,1732147200,235.48,259.8,229.6,256.37,8595939.993999999,235.48,237.63,0.08871241719041967,0.06914383418824821,241.348,227.724,0.054153050718290734,0.04834882264349919,256.37,235.48,78.25268311052533,19.624923950301962,16.347266049865745,207.26950000000002,263.5417298436701,150.99727015632993,229.7294522351085,202.25511925283698,0.15414396974744515,1,8.132000000000033,7235315.9827,0,30.200000000000017,16.890000000000004,30.200000000000017,20.890000000000015,20.890000000000015,3.430000000000007,5.8799999999999955,0,0,3,2024-11-21,0,0,0,1
2024-11-22,1732233600,256.38,264.39,251.47,256.9,5155181.905,256.37,235.48,0.002067324569957396,0.08109245465639847,245.234,232.25,0.04114477123769505,0.04352007961009862,256.9,235.48,77.62711864406779,20.63593385147439,17.204999610187475,211.80599999999998,268.75214127678595,154.85985872321402,234.6695518287251,205.7805954300733,0.21385371385371377,1,3.8859999999999957,6850635.1073,0,12.919999999999987,17.14428571428572,12.919999999999987,0.5199999999999818,0.5199999999999818,7.490000000000009,4.909999999999997,0,0,4,2024-11-22,0,-1,-1,0
2024-11-23,1732320000,256.9,264.0,252.69,254.89,4836783.227,256.9,256.37,-0.0078240560529389,0.08242738236792935,248.254,236.22600000000003,0.042591019729801824,0.04443148898799133,256.9,235.48,76.1357156434138,21.032526408216597,17.9705049697933,216.42399999999998,271.4936930309783,161.35430696902165,238.34599695077506,208.94894411200406,0.18481848184818483,1,3.019999999999982,6250908.1501,0,11.310000000000002,17.338571428571434,11.310000000000002,-2.009999999999991,2.009999999999991,7.100000000000023,2.1999999999999886,0,0,5,2024-11-23,0,0,0,1
2024-11-24,1732406400,254.9,259.78,240.93,252.73,3665245.812,254.89,256.9,-0.008474243791439462,-0.014198229121972217,251.27399999999997,240.54199999999997,0.04252276005954575,0.04283999612275216,256.9,235.48,71.94444444444446,20.931252469388227,18.562654469712285,221.163,271.12075524854515,171.20524475145487,240.9612702324523,211.7735283628425,0.20594550746767193,1,3.019999999999982,5871580.3604999995,0,18.849999999999966,17.500000000000004,18.849999999999966,-2.170000000000016,2.170000000000016,4.879999999999967,11.799999999999983,0,0,6,2024-11-24,0,0,0,1
2024-11-25,1732492800,252.74,256.7,231.21,234.18,4699636.317,252.73,254.89,-0.07339848850551967,-0.08843908135461254,251.01399999999998,242.115,0.05786687094719643,0.050911794287168105,256.9,234.18,55.81058925643747,19.13360191937298,18.676843959644422,224.541,267.63509039959274,181.44690960040728,239.72831200837004,213.21910717814302,0.0720073243305106,1,-0.2599999999999909,5814434.799799999,0,25.48999999999998,17.90357142857143,25.48999999999998,-18.560000000000002,18.560000000000002,3.9599999999999795,2.969999999999999,0,0,0,2024-11-25,0,0,0,1
2024-11-26,1732579200,234.18,239.66,221.8,230.69,5012621.456,234.18,252.73,-0.014903066017593392,-0.09494291655223819,245.878,243.613,0.030183431092724696,0.051023537837943785,256.9,230.69,59.851070431275225,17.22873494235961,18.38722215618746,226.746,266.0063168606654,187.48568313933464,238.08498255230273,214.3462615537467,0.06944508831301288,1,-5.135999999999996,5895250.0154,0,17.859999999999985,17.715,17.859999999999985,-3.490000000000009,3.490000000000009,5.47999999999999,8.889999999999986,0,0,1,2024-11-26,0,0,0,1
2024-11-27,1732665600,230.69,243.33,227.51,241.96,3807284.2970000003,230.69,234.18,0.048853439680957234,-0.04261464804336634,242.89000000000001,244.06200000000004,0.04332318712639991,0.04241357180298353,254.89,230.69,62.841006987651966,16.439010274416262,17.99757977983322,229.0265,266.0899013123721,191.9630986876279,238.78953117915677,216.12779306640823,0.018907651492820143,0,-2.987999999999971,5432636.0247,0,15.820000000000022,17.43285714285714,15.820000000000022,11.27000000000001,11.27000000000001,1.3700000000000045,3.180000000000007,0,0,2,2024-11-27,0,0,0,1
2024-11-28,1732752000,241.96,245.28,232.8,237.59,2694033.06,241.96,230.69,-0.018060836501901156,0.014561448458450643,239.43,243.84199999999996,0.043368618479287344,0.042807544066956554,252.73,230.69,63.56506584043378,15.284336984438823,17.454931220754343,230.91350000000003,265.48122043090655,196.34577956909354,238.57143460112826,217.51245157825286,-0.00917469452437547,0,-3.460000000000008,4953454.294600001,0,12.47999999999999,17.18,12.47999999999999,-4.3700000000000045,4.3700000000000045,3.319999999999993,4.789999999999992,0,0,3,2024-11-28,0,0,0,1
2024-11-29,1732838400,237.58,246.77,236.55,243.33,2890806.079,237.59,241.96,0.024159265962372167,0.05479214530322074,237.55,244.41199999999998,0.046592707863618923,0.04332317721892502,243.33,230.69,62.42260834831237,14.663389683351824,16.89662291327384,233.0855,264.78562417375383,201.3853758262462,239.43662831001402,219.17809986352688,0.02398687034465352,0,-1.8799999999999955,4682973.562299999,0,10.219999999999999,16.765714285714285,10.219999999999999,5.75,5.75,3.4399999999999977,1.0300000000000011,0,0,4,2024-11-29,0,-1,-1,0
2024-11-30,1732924800,243.33,245.4,237.5,237.6,2279256.816,243.33,237.59,-0.023548267784490262,-0.01801950735658797,238.234,244.62400000000002,0.03169657424205251,0.04401610875685687,243.33,230.69,60.612818772423154,13.552694337105805,16.227837198040234,234.462,264.2897063712289,204.63429362877108,239.10269589001143,220.366609549751,0.00900288771870228,0,0.6839999999999975,4363678.8963,0,7.900000000000006,16.71285714285714,7.900000000000006,-5.730000000000018,5.730000000000018,2.069999999999993,0.09999999999999432,0,0,5,2024-11-30,0,0,0,1
2024-12-01,1733011200,237.6,239.89,234.1,236.8,2435872.954,237.6,243.33,-0.0033670033670032407,-0.0033250557683404125,239.456,242.66699999999997,0.030435053711155166,0.03171777934786503,243.33,236.8,49.59230862845321,12.464227107572839,15.475115179946757,235.19549999999998,264.4625639204916,205.92843607950834,238.68402391000936,221.42682828847674,-0.07633498459258103,0,1.22199999999998,3747672.1923,0,5.789999999999992,14.967142857142852,5.789999999999992,-0.799999999999983,0.799999999999983,2.289999999999992,2.700000000000017,0,0,6,2024-12-01,0,0,0,1
2024-12-02,1733097600,236.79,238.2,220.0,225.72,5868060.275,236.8,237.6,-0.04679054054054055,-0.0723708543952657,236.208,239.54900000000004,0.026224628843644054,0.03378459060021008,243.33,225.72,42.26327944572749,10.585522274091744,14.497196598775755,235.8995,263.40519738110413,208.39380261889588,236.326928653644,221.70380710857503,-0.12137018295056434,0,-3.2479999999999905,3818960.0292999996,1,18.19999999999999,15.236428571428565,18.19999999999999,-11.069999999999993,11.069999999999993,1.4099999999999966,5.719999999999999,0,0,0,2024-12-02,0,0,0,1
2024-12-03,1733184000,225.73,239.6,215.0,233.92,6918604.728,225.72,236.8,0.03632819422293099,-0.015488215488215551,235.47400000000002,237.45200000000006,0.03399880577104134,0.03715648040226141,243.33,225.72,48.08703722800866,9.647100854423172,13.52717744990524,236.839,262.58500298053093,211.09299701946907,235.88930526207233,222.49194858544118,-0.08227078347522465,0,-0.7339999999999804,4027142.1794,1,24.599999999999994,15.986428571428565,24.599999999999994,8.189999999999998,8.189999999999998,5.680000000000007,10.72999999999999,0,0,1,2024-12-03,0,0,0,1
2024-12-04,1733270400,233.92,241.0,224.67,229.15,4966864.205,233.92,225.72,-0.020391586867305023,-0.03230574324324331,232.638,235.094,0.03091646255610817,0.037366746391216045,237.6,225.72,46.821970077317005,8.421419105629582,12.50602578105011,237.81799999999998,260.50545407998436,215.1305459200156,234.6639770326046,222.92150028960629,-0.09330115142642337,0,-2.8360000000000127,4157304.018700001,0,16.330000000000013,16.283571428571424,16.330000000000013,-4.769999999999982,4.769999999999982,7.0800000000000125,4.480000000000018,0,0,2,2024-12-04,1,0,1,2
2024-12-05,1733356800,229.15,244.77,222.95,235.84,7391549.993000001,229.15,233.92,0.02919485053458426,0.04483430799220267,232.286,235.26,0.03458154455710883,0.03135560150781566,236.8,225.72,37.97868602880899,7.898831762778457,11.58458697739578,238.6875,259.50548400168844,217.86951599831156,234.87779939031284,223.75495188382524,0.007088564352207616,0,-0.35200000000000387,4426495.3863,1,21.82000000000002,15.684999999999997,21.82000000000002,6.689999999999998,6.689999999999998,8.930000000000007,6.200000000000017,0,0,3,2024-12-05,0,0,0,1
2024-12-06,1733443200,235.84,247.0,230.92,236.87,5136553.8270000005,235.84,229.15,0.004367367706920033,0.012611149110807185,232.3,235.878,0.034622447311594064,0.030847614265008816,236.87,225.72,38.33973687274422,7.481547300285058,10.763979041973636,239.7455,257.5842260283801,221.90677397161988,235.24001768298322,224.60108402035266,0.026789197624517813,0,0.014000000000010004,4438888.623400001,0,16.080000000000013,15.910714285714283,16.080000000000013,1.0300000000000011,1.0300000000000011,10.129999999999995,4.920000000000016,0,0,4,2024-12-06,0,0,0,1
2024-12-07,1733529600,236.87,243.61,234.12,238.14,2933621.438,236.87,235.84,0.00536159074597875,0.03923194414139197,234.78400000000002,235.496,0.022548732270071866,0.026425034655017162,238.14,229.15,40.164415736934814,7.170665772117474,10.045316388002405,239.779,257.6022431333158,221.95575686668414,235.76728719516808,225.4745624706525,-0.01578773350967111,0,2.484000000000009,4351522.3375,0,9.490000000000009,15.780714285714284,9.490000000000009,1.2699999999999818,1.2699999999999818,5.470000000000027,2.75,0,0,5,2024-12-07,0,-1,-1,0
2024-12-08,1733616000,238.14,241.51,233.22,237.02,2222837.551,238.14,236.87,-0.004703115814226777,0.005003392130257911,235.404,235.43900000000002,0.018026696389217764,0.02581274190885194,238.14,229.15,40.66103911544407,6.756035905067449,9.387460291415415,239.64049999999997,257.5063821868836,221.77461781311632,235.99505315968295,226.21942940802975,-0.0023990908708279024,0,0.6199999999999761,4304402.7866,0,8.289999999999992,15.026428571428571,8.289999999999992,-1.1199999999999761,1.1199999999999761,3.3700000000000045,3.8000000000000114,0,0,6,2024-12-08,0,0,0,1
2024-12-09,1733702400,237.02,237.28,203.0,216.63,7391583.708000001,237.02,238.14,-0.08602649565437526,-0.08544771393591422,232.9,232.769,0.04411935196867488,0.03592111065569009,238.14,216.63,39.79057591623036,4.72763887640923,8.45549600841418,238.59049999999996,259.21007319992793,217.970926800072,232.47413440337692,225.60075654299558,-0.10972753051411666,1,-2.5039999999999907,4754480.549500001,1,34.28,15.654285714285717,34.28,-20.390000000000015,20.390000000000015,0.2599999999999909,13.629999999999995,0,0,0,2024-12-09,0,0,0,1
2024-12-10,1733788800,216.62,221.06,203.21,213.6,7018707.73,216.63,237.02,-0.013986982412408255,-0.10304862685815064,228.452,230.369,0.0382805541662779,0.035675145786775775,238.14,213.6,40.00467890981401,2.842853296960101,7.332967466123365,237.49650000000003,260.9394001933103,214.0535998066898,229.04247360276293,224.826514185383,-0.101010101010101,0,-4.4480000000000075,5228425.640900001,0,17.849999999999994,15.65357142857143,17.849999999999994,-3.0200000000000102,3.0200000000000102,4.439999999999998,10.389999999999986,0,0,1,2024-12-10,0,0,0,1
2024-12-11,1733875200,213.6,230.65,211.51,227.29,4688484.808,213.6,216.63,0.06409176029962538,-0.04105138806851749,226.536,229.41800000000003,0.05363327806622847,0.04274621905169473,238.14,213.6,41.656239335684205,2.4258520219277955,6.3515443772842515,236.04250000000002,258.1243419092495,213.96065809075054,228.72384203862418,224.98544875406796,-0.040160472972973094,0,-1.9159999999999968,5453686.826300001,0,19.140000000000015,15.890714285714287,19.140000000000015,13.689999999999998,13.689999999999998,3.3600000000000136,2.0900000000000034,0,0,2,2024-12-11,0,-1,-1,0
2024-12-12,1733961600,227.29,234.69,225.67,226.96,3559104.067,227.29,213.6,-0.0014518896563860961,0.047684992844942986,224.3,229.542,0.053324676567543895,0.03992708177985141,237.02,213.6,43.66281149397877,2.0451717976497434,5.49026986135735,234.5455,254.64406289703678,214.44693710296323,228.40314348614703,225.11283915703135,0.005493531809321217,0,-2.23599999999999,5222791.205500001,0,9.02000000000001,15.643571428571432,9.02000000000001,-0.3299999999999841,0.3299999999999841,7.400000000000006,1.2900000000000205,0,0,3,2024-12-12,0,0,0,1
2024-12-13,1734048000,226.95,228.44,220.6,224.79,2889526.771,226.96,227.29,-0.009561156150863614,0.05238764044943811,221.85399999999998,228.629,0.053284370724538704,0.03804378847410234,227.29,213.6,38.45579078455789,1.550505846461533,4.7023170583781875,233.0405,251.13233412772442,214.9486658722756,227.74620830684756,225.09201082431966,-0.03903043775649795,0,-2.4460000000000264,4819883.4098000005,0,7.840000000000003,15.473571428571432,7.840000000000003,-2.1599999999999966,2.1599999999999966,1.490000000000009,4.189999999999998,0,0,4,2024-12-13,0,0,0,1
2024-12-14,1734134400,224.79,227.51,215.13,219.93,2155654.471,224.79,226.96,-0.02162017883357792,-0.03238153900303575,222.51399999999998,227.70700000000002,0.03465290104757747,0.03810701055107201,227.29,213.6,38.87699861513282,0.7575851628073735,3.9133706792640246,231.40050000000002,247.8492113236983,214.95178867630173,226.32507952378438,224.75897786791194,-0.04023565350207292,0,0.6599999999999966,4538762.436400001,0,12.379999999999995,15.79357142857143,12.379999999999995,-4.859999999999985,4.859999999999985,2.719999999999999,4.800000000000011,0,0,5,2024-12-14,0,0,0,1
2024-12-15,1734220800,219.94,225.5,215.68,224.27,2130908.0089999996,219.93,224.79,0.01973355158459511,-0.01185230877687693,224.648,226.55,0.033667479340198966,0.03731614351521341,227.29,219.93,42.449077979992765,0.4739283860093053,3.225482220613081,230.90500000000003,247.59643177611431,214.21356822388574,225.95142870127813,224.72743090869182,-0.049058683853459906,0,2.1340000000000146,4012698.2380000004,0,9.819999999999993,16.081428571428575,9.819999999999993,4.3300000000000125,4.3300000000000125,1.2299999999999898,4.259999999999991,0,0,6,2024-12-15,0,0,0,1
2024-12-16,1734307200,224.26,227.56,213.26,216.19,3863409.2010000004,224.27,219.93,-0.03602800196192091,-0.038257929623203846,222.42800000000003,224.48199999999997,0.021033320768990924,0.03843376418592018,226.96,216.19,44.04151556833813,-0.39826912727704666,2.5007319510350556,230.17999999999998,248.12342571293524,212.2365742870647,224.17662348286393,224.17662891458266,-0.08730527293452106,0,-2.2199999999999704,3885383.7754,0,14.300000000000011,15.802857142857148,14.300000000000011,-8.069999999999993,8.069999999999993,3.3000000000000114,2.930000000000007,0,0,0,2024-12-16,0,0,0,1
2024-12-17,1734393600,216.19,228.95,211.36,223.15,5177736.748,216.19,224.27,0.03219390351080076,0.014641022143409232,221.666,222.983,0.028443004693283175,0.040389628675022195,224.79,216.19,43.16016766162836,-0.5218624026178702,1.8962130803044706,229.2395,246.5436077873327,211.9353922126673,223.98996466779778,224.11039479106122,-0.0629461661207692,0,-0.7620000000000289,4109795.3063999997,0,17.589999999999975,15.30214285714286,17.589999999999975,6.960000000000008,6.960000000000008,5.799999999999983,4.829999999999984,0,0,1,2024-12-17,0,-1,-1,0
2024-12-18,1734480000,223.16,226.04,204.8,206.53,5565926.563,223.15,216.19,-0.07447904996639032,-0.07910108351540557,218.01400000000004,219.93400000000003,0.04316259265867145,0.04584950063591214,224.27,206.53,37.51379995584013,-1.9385595567724465,1.1292585528890873,227.68649999999997,247.26122621304395,208.11177378695598,220.81542563728908,222.97617577228309,-0.12863893342333987,0,-3.6519999999999584,4444104.207599999,0,21.23999999999998,15.652857142857144,21.23999999999998,-16.629999999999995,16.629999999999995,2.8799999999999955,1.7299999999999898,0,0,2,2024-12-18,0,0,0,1
2024-12-19,1734566400,206.53,212.14,187.0,193.81,7402649.886,206.53,223.15,-0.061589115382753135,-0.10352005180628154,212.79000000000002,217.652,0.047896037271324764,0.041997222152693074,224.27,193.81,28.247593416830554,-4.041116477471661,0.09518354681693764,225.2105,248.607952380432,201.81304761956798,215.90534824869107,221.09448701278097,-0.10534090384526607,0,-5.224000000000018,4445210.8254,1,25.139999999999986,15.889999999999999,25.139999999999986,-12.719999999999999,12.719999999999999,5.609999999999985,6.810000000000002,0,0,3,2024-12-19,0,0,0,1
2024-12-20,1734652800,193.82,199.81,175.26,194.48,9793383.668000001,193.81,206.53,0.0034569939631596824,-0.12847860183732918,206.83200000000002,215.74,0.04461866437163483,0.042187511684200076,223.15,193.81,27.979220779220768,-5.588919005341751,-1.0416369636148002,223.05450000000002,249.40533498127485,196.7036650187252,212.00983038529267,219.37742333453707,-0.08951310861423223,0,-5.957999999999998,4722678.4192,1,24.55000000000001,16.494999999999997,24.55000000000001,0.6599999999999966,0.6599999999999966,5.3300000000000125,18.560000000000002,0,0,4,2024-12-20,0,0,0,1
2024-12-21,1734739200,194.48,201.98,178.3,181.45,5243572.617000001,194.48,193.81,-0.06699917729329496,-0.12143514259429633,199.884,211.156,0.04814556776967792,0.03718653277572003,223.15,181.45,23.757059531524845,-7.777323618284498,-2.38877429454874,220.28699999999998,251.69955337398633,188.87444662601362,206.45349758796672,216.93049279682504,-0.20168067226890762,0,-6.948000000000036,4778187.2001,0,23.67999999999998,17.508571428571425,23.67999999999998,-13.030000000000001,13.030000000000001,7.5,3.1499999999999773,0,0,5,2024-12-21,0,0,0,1
2024-12-22,1734825600,181.46,187.87,176.88,180.52,3573368.972,181.45,194.48,-0.005125378892256727,-0.06857231309013978,191.358,206.512,0.03702740357730285,0.0369825912385599,206.53,180.52,23.798924132813937,-9.477443202575444,-3.806508076154081,218.027,253.97081645085137,182.0831835491486,201.7383162083364,214.58142874541699,-0.2046175537539654,0,-8.525999999999982,4779613.690599999,0,10.990000000000009,17.70142857142857,10.990000000000009,-0.9399999999999977,0.9399999999999977,6.409999999999997,3.640000000000015,0,0,6,2024-12-22,1,0,1,2
2024-12-23,1734912000,180.53,193.48,176.48,190.11,4217664.029999999,180.52,181.45,0.053124307555949546,-0.022470176881941417,188.074,203.044,0.049881461383656546,0.043976785892448834,194.48,180.52,36.33271490414349,-9.936426430124442,-5.032491746948153,215.83649999999997,253.02055389693803,178.65244610306192,199.62407689772976,213.00262689087396,-0.15427732550380346,0,-3.283999999999992,4912427.4165,0,17.0,16.467142857142854,17.0,9.580000000000013,9.580000000000013,3.369999999999976,4.050000000000011,0,0,0,2024-12-23,0,0,0,1
2024-12-24,1734998400,190.12,199.0,186.13,197.09,2709577.6720000003,190.11,180.52,0.03671558571353417,0.08619454395150195,188.73,200.76,0.04638879940573573,0.04688227980504577,197.09,180.52,41.82430424878677,-9.625983928288207,-5.951190183216164,214.2335,251.76354594216377,176.7034540578362,199.16333564359707,211.97600580114016,-0.10385122538989677,0,0.6559999999999775,4967819.7365999995,0,12.870000000000005,16.11142857142857,12.870000000000005,6.969999999999999,6.969999999999999,1.9099999999999966,3.990000000000009,0,0,1,2024-12-24,0,0,0,1
2024-12-25,1735084800,197.09,201.85,195.0,197.44,1958644.4870000002,197.09,190.11,0.0017758384494392931,0.09372922667848438,189.32200000000003,198.077,0.046401934151009606,0.045955868096505655,197.44,180.52,32.96816158849708,-9.245141695473023,-6.609980485667537,212.31350000000003,249.1112357856057,175.51576421439438,198.85000189021576,211.03819897526017,-0.11963258572256663,0,0.5920000000000414,4950593.384400001,0,6.849999999999994,15.233571428571425,6.849999999999994,0.3499999999999943,0.3499999999999943,4.409999999999997,2.0900000000000034,0,0,2,2024-12-25,0,-1,-1,0
2024-12-26,1735171200,197.45,199.71,186.54,188.46,2045566.1,197.44,197.09,-0.04548217179902747,-0.008679185734574713,190.724,195.304,0.038509554554330486,0.04660473084218135,197.44,180.52,30.006231823847116,-9.557756564971442,-7.199535701528318,209.89300000000003,246.2556176464944,173.53038235350567,196.96091063744927,209.5815409768563,-0.12826680234978483,0,1.4019999999999584,4768809.0743,0,13.170000000000016,15.529999999999998,13.170000000000016,-8.98999999999998,8.98999999999998,2.2600000000000193,1.920000000000016,0,0,3,2024-12-26,0,0,0,1
2024-12-27,1735257600,188.46,194.39,182.74,184.22,1946509.645,188.46,197.44,-0.022498142841982482,-0.06530011669795532,191.464,191.411,0.040732197597817564,0.04388862180837408,197.44,184.22,29.37468225724453,-10.031996060276754,-7.766027773278006,207.19699999999997,242.72751000270776,171.6664899972922,194.6443814306403,207.94531252673656,-0.1744566435133319,1,0.7400000000000091,4445686.364,0,11.649999999999977,15.802142857142853,11.649999999999977,-4.240000000000009,4.240000000000009,5.929999999999978,1.4799999999999898,0,0,4,2024-12-27,0,0,0,1
2024-12-28,1735344000,184.22,196.1,183.82,195.5,1494847.867,184.22,188.46,0.06123113668439917,-0.00982576985413286,192.542,190.308,0.04322534060073843,0.0454749372313485,197.44,184.22,38.341128185549294,-9.389397419159536,-8.090701702454313,205.121,238.07294069837715,172.16905930162287,194.79994844325114,207.14238913791488,-0.053406284801239545,1,1.078000000000003,4038578.4944000007,0,12.280000000000001,15.794999999999996,12.280000000000001,11.280000000000001,11.280000000000001,0.5999999999999943,0.4000000000000057,0,0,5,2024-12-28,0,0,0,1
2024-12-29,1735430400,195.5,197.71,188.57,189.94,1560190.0189999999,195.5,184.22,-0.02843989769820976,0.007853125331635402,191.112,189.921,0.041571441464461525,0.041923714118091926,197.44,184.22,33.80507595056136,-9.22246802889208,-8.317054967741866,203.7865,236.93713627237116,170.63586372762882,193.9163214535691,206.03255758063005,-0.01996800990660963,1,-1.4300000000000068,3454332.5077,0,9.140000000000015,15.746428571428568,9.140000000000015,-5.560000000000002,5.560000000000002,2.210000000000008,1.3700000000000045,0,0,6,2024-12-29,0,0,0,1
2024-12-30,1735516800,189.94,196.47,185.89,191.38,2415985.488,189.94,195.5,0.007581341476255554,0.03886657257626758,189.9,189.611,0.04194613690474799,0.041995108586002534,195.5,184.22,37.5138399597383,-8.871711748438798,-8.427986323881253,202.6755,235.93053458520308,169.42046541479692,193.4551720983747,205.08723128510553,-0.01593994241053065,1,-1.211999999999989,2716592.6897,0,10.580000000000013,15.480714285714283,10.580000000000013,1.4399999999999977,1.4399999999999977,5.090000000000003,4.050000000000011,0,0,0,2024-12-30,0,0,0,1
2024-12-31,1735603200,191.37,199.27,188.04,189.31,2461978.262,191.38,189.94,-0.010816177239000857,-0.03166240409207155,190.07,190.397,0.03615504436731143,0.03539609490684442,195.5,184.22,32.08765615075163,-8.660928773742455,-8.474574813853494,200.7765,232.41142824810984,169.14157175189015,192.70150444412474,204.0693453957439,0.043317718379719095,0,0.1699999999999875,2438433.2542000003,0,11.230000000000018,15.026428571428571,11.230000000000018,-2.0600000000000023,2.0600000000000023,7.900000000000006,1.2700000000000102,0,0,1,2024-12-31,1,0,1,2
2025-01-01,1735689600,189.31,195.33,188.0,194.28,1655160.102,189.31,191.38,0.026253235433944422,0.022849320838159493,192.082,191.773,0.0346368139655257,0.03580627081135509,195.5,189.31,42.60355029585799,-8.000618138026056,-8.379783478688006,199.14249999999998,228.3671506439865,169.91784935601348,192.98850363610205,203.43777472505076,0.07622424108132053,1,2.0120000000000005,2246612.3671999997,0,7.3300000000000125,14.032857142857145,7.3300000000000125,4.969999999999999,4.969999999999999,1.0500000000000114,1.3100000000000023,0,0,2,2025-01-01,0,0,0,1
2025-01-02,1735776000,194.28,210.48,193.43,208.31,3224923.982,194.28,189.31,0.07221535927527278,0.08846274427839895,194.644,193.59300000000002,0.03871466361614852,0.03886140983253479,208.31,189.31,58.6186400380409,-6.272903330692401,-7.958407449088885,198.3185,225.3449987120323,171.2920012879677,195.77423024771986,203.7521118395636,0.09573404870864222,1,2.562000000000012,2147338.3624,1,17.049999999999983,13.455000000000002,17.049999999999983,14.030000000000001,14.030000000000001,2.1699999999999875,0.8499999999999943,0,0,3,2025-01-02,0,0,0,1
2025-01-03,1735862400,208.3,219.83,205.63,217.99,3251086.556,208.31,194.28,0.04646920455090964,0.1514975437113728,200.254,195.68300000000002,0.03248922095656553,0.03972335622785807,217.99,189.31,62.62214109309569,-4.075600808357564,-7.181846120942621,198.2215,224.9335042204547,171.5094957795453,199.81346111177078,204.6706852692692,0.10604292455223496,1,5.609999999999985,2201489.2507999996,0,14.200000000000017,12.715714285714288,14.200000000000017,9.689999999999998,9.689999999999998,1.8400000000000034,2.670000000000016,0,0,4,2025-01-03,0,-1,-1,0
2025-01-04,1735948800,218.0,218.18,213.54,216.67,1943711.3900000001,217.99,208.31,-0.006055323638699095,0.11524603664813671,205.31199999999998,197.606,0.035132387962393874,0.03999790658698161,217.99,189.31,71.62859248341931,-2.412921045179502,-6.228061105789998,197.8415,223.17385025562353,172.50914974437646,202.87828636417606,205.4448346067357,0.09739667747163683,1,5.057999999999993,2199995.9411,0,4.640000000000015,11.35571428571429,4.640000000000015,-1.3300000000000125,1.3300000000000125,0.18000000000000682,3.1299999999999955,0,0,5,2025-01-04,0,0,0,1
2025-01-05,1736035200,216.67,219.05,211.46,213.41,2101040.545,216.67,217.99,-0.015045922370425013,0.02448274206711143,210.132,200.101,0.03626163881338542,0.036289104117858774,217.99,194.28,69.63582089552239,-1.3428110193826512,-5.2510110885085295,197.70250000000001,222.63834262398862,172.7666573760114,204.79314338887133,205.95871624501083,0.13238883582723115,1,4.820000000000022,2205543.3855999997,0,7.590000000000003,11.112857142857148,7.590000000000003,-3.259999999999991,3.259999999999991,2.380000000000024,1.9499999999999886,0,0,6,2025-01-05,0,0,0,1
2025-01-06,1736121600,213.41,223.18,211.56,218.22,2855362.858,213.41,216.67,0.022538775127688426,0.0010550942703793087,214.92,203.501,0.03626163521122732,0.034111043270707304,218.22,208.31,67.79789793592502,-0.1053993351328586,-4.221888737833395,197.456,221.4108236214911,173.5011763785089,207.23439004544016,206.74976680984884,0.18456193681467803,1,4.7879999999999825,2296428.7068999996,0,11.620000000000005,10.728571428571433,11.620000000000005,4.810000000000002,4.810000000000002,4.960000000000008,1.8499999999999943,0,0,0,2025-01-06,0,-1,-1,0
2025-01-07,1736208000,218.22,219.11,201.8,202.17,3742298.284,218.22,213.41,-0.07354962881495741,-0.06692204735311769,213.692,204.168,0.045300293499950406,0.040903983062821656,218.22,202.17,52.88505224897773,-0.4150579946507946,-3.460522589196875,197.238,220.92296445115633,173.55303554884367,206.3135918553601,206.45429798340697,0.034117647058823364,1,-1.2279999999999802,2521173.7486,0,17.310000000000002,11.045714285714292,17.310000000000002,-16.05000000000001,16.05000000000001,0.8900000000000148,0.3699999999999761,0,0,1,2025-01-07,0,0,0,1
2025-01-08,1736294400,202.17,203.28,188.34,197.48,4446830.2299999995,202.17,218.22,-0.023198298461690636,-0.07464504943535921,209.58999999999997,204.92199999999997,0.03500691952860162,0.04047175823722094,218.22,197.48,50.02164970772894,-1.027069104020626,-2.973831892161625,197.4215,221.05144200050597,173.79155799949405,204.7074842452946,205.87531101673557,0.03969674634094966,1,-4.102000000000032,2809837.7696999996,1,14.939999999999998,11.623571428571434,14.939999999999998,-4.689999999999998,4.689999999999998,1.1100000000000136,9.139999999999986,0,0,2,2025-01-08,0,0,0,1
2025-01-09,1736380800,197.48,199.06,182.0,184.95,3607147.193,197.48,202.17,-0.06344946323678347,-0.1524608193566126,203.246,204.279,0.03887217619757095,0.04578275913691289,218.22,184.95,48.17054101949337,-2.49440465576032,-2.8779464448813643,196.945,221.20075178667423,172.68924821332575,201.11521438251376,204.52529095113974,-0.03359807712404639,0,-6.343999999999966,2928953.9402,0,17.060000000000002,11.901428571428577,17.060000000000002,-12.530000000000001,12.530000000000001,1.5800000000000125,2.9499999999999886,0,0,3,2025-01-09,1,0,1,2
2025-01-10,1736467200,184.96,193.02,183.51,187.68,3642892.082,184.95,197.48,0.014760746147607584,-0.07167235494880542,198.1,204.116,0.04381393070076994,0.04597832268899725,218.22,184.95,51.83223893242957,-3.3978224851203436,-2.9819216529291603,197.25650000000002,220.8246616414561,173.68833835854394,198.6724481311476,203.4384979865501,-0.008610216047752361,0,-5.146000000000015,3047045.3222,0,9.51000000000002,11.748571428571436,9.51000000000002,2.719999999999999,2.719999999999999,5.340000000000003,1.450000000000017,0,0,4,2025-01-10,0,0,0,1
2025-01-11,1736553600,187.69,191.91,184.01,188.09,2204486.056,187.68,184.95,0.0021845694799658144,-0.047549118898116194,192.074,203.49699999999999,0.03902551701834918,0.045077937317264075,202.17,184.95,45.56552962298025,-4.034200300315575,-3.1923773824064434,197.635,220.2971674069109,174.9728325930891,196.7483666527571,202.4482723099985,-0.031861231212682695,0,-6.025999999999982,3101977.9176,0,7.900000000000006,11.435714285714294,7.900000000000006,0.4000000000000057,0.4000000000000057,3.819999999999993,3.680000000000007,0,0,5,2025-01-11,0,0,0,1
